{
  "hash": "15b246f9",
  "configHash": "fd441e5b",
  "lockfileHash": "05f04425",
  "browserHash": "daf2dda1",
  "optimized": {
    "@angular/common": {
      "src": "../../../../../../node_modules/@angular/common/fesm2022/common.mjs",
      "file": "@angular_common.js",
      "fileHash": "6f51662e",
      "needsInterop": false
    },
    "@angular/common/http": {
      "src": "../../../../../../node_modules/@angular/common/fesm2022/http.mjs",
      "file": "@angular_common_http.js",
      "fileHash": "d4e2e330",
      "needsInterop": false
    },
    "@angular/core": {
      "src": "../../../../../../node_modules/@angular/core/fesm2022/core.mjs",
      "file": "@angular_core.js",
      "fileHash": "b326e138",
      "needsInterop": false
    },
    "@angular/forms": {
      "src": "../../../../../../node_modules/@angular/forms/fesm2022/forms.mjs",
      "file": "@angular_forms.js",
      "fileHash": "cdfeb79c",
      "needsInterop": false
    },
    "@angular/material/button": {
      "src": "../../../../../../node_modules/@angular/material/fesm2022/button.mjs",
      "file": "@angular_material_button.js",
      "fileHash": "508f7779",
      "needsInterop": false
    },
    "@angular/material/dialog": {
      "src": "../../../../../../node_modules/@angular/material/fesm2022/dialog.mjs",
      "file": "@angular_material_dialog.js",
      "fileHash": "f5c3980d",
      "needsInterop": false
    },
    "@angular/material/form-field": {
      "src": "../../../../../../node_modules/@angular/material/fesm2022/form-field.mjs",
      "file": "@angular_material_form-field.js",
      "fileHash": "722d035b",
      "needsInterop": false
    },
    "@angular/material/menu": {
      "src": "../../../../../../node_modules/@angular/material/fesm2022/menu.mjs",
      "file": "@angular_material_menu.js",
      "fileHash": "9f542fc9",
      "needsInterop": false
    },
    "@angular/material/select": {
      "src": "../../../../../../node_modules/@angular/material/fesm2022/select.mjs",
      "file": "@angular_material_select.js",
      "fileHash": "7b9c0c29",
      "needsInterop": false
    },
    "@angular/material/snack-bar": {
      "src": "../../../../../../node_modules/@angular/material/fesm2022/snack-bar.mjs",
      "file": "@angular_material_snack-bar.js",
      "fileHash": "4fde1256",
      "needsInterop": false
    },
    "@angular/platform-browser": {
      "src": "../../../../../../node_modules/@angular/platform-browser/fesm2022/platform-browser.mjs",
      "file": "@angular_platform-browser.js",
      "fileHash": "4ecc1bb1",
      "needsInterop": false
    },
    "@angular/platform-browser/animations": {
      "src": "../../../../../../node_modules/@angular/platform-browser/fesm2022/animations.mjs",
      "file": "@angular_platform-browser_animations.js",
      "fileHash": "10b983f0",
      "needsInterop": false
    },
    "@angular/router": {
      "src": "../../../../../../node_modules/@angular/router/fesm2022/router.mjs",
      "file": "@angular_router.js",
      "fileHash": "d20d6af1",
      "needsInterop": false
    },
    "devextreme-angular": {
      "src": "../../../../../../node_modules/devextreme-angular/fesm2022/devextreme-angular.mjs",
      "file": "devextreme-angular.js",
      "fileHash": "4e10b082",
      "needsInterop": false
    },
    "devextreme-angular/core": {
      "src": "../../../../../../node_modules/devextreme-angular/fesm2022/devextreme-angular-core.mjs",
      "file": "devextreme-angular_core.js",
      "fileHash": "c3125e2f",
      "needsInterop": false
    },
    "devextreme-angular/ui/data-grid": {
      "src": "../../../../../../node_modules/devextreme-angular/fesm2022/devextreme-angular-ui-data-grid.mjs",
      "file": "devextreme-angular_ui_data-grid.js",
      "fileHash": "2b38ddea",
      "needsInterop": false
    },
    "devextreme-angular/ui/nested": {
      "src": "../../../../../../node_modules/devextreme-angular/fesm2022/devextreme-angular-ui-nested.mjs",
      "file": "devextreme-angular_ui_nested.js",
      "fileHash": "d3581ff2",
      "needsInterop": false
    },
    "devextreme-angular/ui/toast": {
      "src": "../../../../../../node_modules/devextreme-angular/fesm2022/devextreme-angular-ui-toast.mjs",
      "file": "devextreme-angular_ui_toast.js",
      "fileHash": "3af7565d",
      "needsInterop": false
    },
    "devextreme-aspnet-data-nojquery": {
      "src": "../../../../../../node_modules/devextreme-aspnet-data-nojquery/index.js",
      "file": "devextreme-aspnet-data-nojquery.js",
      "fileHash": "ac463ef0",
      "needsInterop": true
    },
    "devextreme/core/config": {
      "src": "../../../../../../node_modules/devextreme/esm/core/config.js",
      "file": "devextreme_core_config.js",
      "fileHash": "cbd7e7c2",
      "needsInterop": false
    },
    "devextreme/data/odata/store": {
      "src": "../../../../../../node_modules/devextreme/esm/data/odata/store.js",
      "file": "devextreme_data_odata_store.js",
      "fileHash": "93a353e5",
      "needsInterop": false
    },
    "rxjs": {
      "src": "../../../../../../node_modules/rxjs/dist/esm5/index.js",
      "file": "rxjs.js",
      "fileHash": "fcec5bf4",
      "needsInterop": false
    }
  },
  "chunks": {
    "chunk-AAJSBQN6": {
      "file": "chunk-AAJSBQN6.js"
    },
    "chunk-C5QLDEFD": {
      "file": "chunk-C5QLDEFD.js"
    },
    "chunk-4V47G62F": {
      "file": "chunk-4V47G62F.js"
    },
    "chunk-I3DYQMSR": {
      "file": "chunk-I3DYQMSR.js"
    },
    "chunk-W6BPTWNV": {
      "file": "chunk-W6BPTWNV.js"
    },
    "chunk-DRX7KLTQ": {
      "file": "chunk-DRX7KLTQ.js"
    },
    "chunk-ICKSQFPZ": {
      "file": "chunk-ICKSQFPZ.js"
    },
    "chunk-M4PC57RV": {
      "file": "chunk-M4PC57RV.js"
    },
    "chunk-WOX6XKRX": {
      "file": "chunk-WOX6XKRX.js"
    },
    "chunk-BC4UU3FA": {
      "file": "chunk-BC4UU3FA.js"
    },
    "chunk-4MAIXMIT": {
      "file": "chunk-4MAIXMIT.js"
    },
    "chunk-ND5ICVCX": {
      "file": "chunk-ND5ICVCX.js"
    },
    "chunk-N27JN2JL": {
      "file": "chunk-N27JN2JL.js"
    },
    "chunk-BO47EU4Y": {
      "file": "chunk-BO47EU4Y.js"
    },
    "chunk-HZWM4F7U": {
      "file": "chunk-HZWM4F7U.js"
    },
    "chunk-YI2RVRIS": {
      "file": "chunk-YI2RVRIS.js"
    },
    "chunk-OCXZH3GA": {
      "file": "chunk-OCXZH3GA.js"
    },
    "chunk-3T4EK4BM": {
      "file": "chunk-3T4EK4BM.js"
    },
    "chunk-DKXCLVAT": {
      "file": "chunk-DKXCLVAT.js"
    },
    "chunk-IWHA4UWF": {
      "file": "chunk-IWHA4UWF.js"
    },
    "chunk-WBCLGCHV": {
      "file": "chunk-WBCLGCHV.js"
    },
    "chunk-EBLT4CH3": {
      "file": "chunk-EBLT4CH3.js"
    },
    "chunk-74ZAWBSC": {
      "file": "chunk-74ZAWBSC.js"
    },
    "chunk-WOR4A3D2": {
      "file": "chunk-WOR4A3D2.js"
    }
  }
}