{
  "hash": "0c43d8b9",
  "configHash": "8f186e6a",
  "lockfileHash": "05f04425",
  "browserHash": "fffd9aa2",
  "optimized": {
    "@angular/common": {
      "src": "../../../../../../node_modules/@angular/common/fesm2022/common.mjs",
      "file": "@angular_common.js",
      "fileHash": "64e7dacd",
      "needsInterop": false
    },
    "@angular/common/http": {
      "src": "../../../../../../node_modules/@angular/common/fesm2022/http.mjs",
      "file": "@angular_common_http.js",
      "fileHash": "b10a87e7",
      "needsInterop": false
    },
    "@angular/core": {
      "src": "../../../../../../node_modules/@angular/core/fesm2022/core.mjs",
      "file": "@angular_core.js",
      "fileHash": "8505e99a",
      "needsInterop": false
    },
    "@angular/forms": {
      "src": "../../../../../../node_modules/@angular/forms/fesm2022/forms.mjs",
      "file": "@angular_forms.js",
      "fileHash": "0d48afd5",
      "needsInterop": false
    },
    "@angular/material/button": {
      "src": "../../../../../../node_modules/@angular/material/fesm2022/button.mjs",
      "file": "@angular_material_button.js",
      "fileHash": "9d0fe703",
      "needsInterop": false
    },
    "@angular/material/dialog": {
      "src": "../../../../../../node_modules/@angular/material/fesm2022/dialog.mjs",
      "file": "@angular_material_dialog.js",
      "fileHash": "84d384e6",
      "needsInterop": false
    },
    "@angular/material/form-field": {
      "src": "../../../../../../node_modules/@angular/material/fesm2022/form-field.mjs",
      "file": "@angular_material_form-field.js",
      "fileHash": "aa472de4",
      "needsInterop": false
    },
    "@angular/material/menu": {
      "src": "../../../../../../node_modules/@angular/material/fesm2022/menu.mjs",
      "file": "@angular_material_menu.js",
      "fileHash": "6d571598",
      "needsInterop": false
    },
    "@angular/material/select": {
      "src": "../../../../../../node_modules/@angular/material/fesm2022/select.mjs",
      "file": "@angular_material_select.js",
      "fileHash": "8f5e57c1",
      "needsInterop": false
    },
    "@angular/material/snack-bar": {
      "src": "../../../../../../node_modules/@angular/material/fesm2022/snack-bar.mjs",
      "file": "@angular_material_snack-bar.js",
      "fileHash": "47eb20bd",
      "needsInterop": false
    },
    "@angular/platform-browser": {
      "src": "../../../../../../node_modules/@angular/platform-browser/fesm2022/platform-browser.mjs",
      "file": "@angular_platform-browser.js",
      "fileHash": "0a62a7ed",
      "needsInterop": false
    },
    "@angular/platform-browser/animations": {
      "src": "../../../../../../node_modules/@angular/platform-browser/fesm2022/animations.mjs",
      "file": "@angular_platform-browser_animations.js",
      "fileHash": "c89d273f",
      "needsInterop": false
    },
    "@angular/router": {
      "src": "../../../../../../node_modules/@angular/router/fesm2022/router.mjs",
      "file": "@angular_router.js",
      "fileHash": "f9e794f7",
      "needsInterop": false
    },
    "devextreme-angular": {
      "src": "../../../../../../node_modules/devextreme-angular/fesm2022/devextreme-angular.mjs",
      "file": "devextreme-angular.js",
      "fileHash": "00644dd5",
      "needsInterop": false
    },
    "devextreme-angular/core": {
      "src": "../../../../../../node_modules/devextreme-angular/fesm2022/devextreme-angular-core.mjs",
      "file": "devextreme-angular_core.js",
      "fileHash": "1d329f9b",
      "needsInterop": false
    },
    "devextreme-angular/ui/data-grid": {
      "src": "../../../../../../node_modules/devextreme-angular/fesm2022/devextreme-angular-ui-data-grid.mjs",
      "file": "devextreme-angular_ui_data-grid.js",
      "fileHash": "d7402cf9",
      "needsInterop": false
    },
    "devextreme-angular/ui/nested": {
      "src": "../../../../../../node_modules/devextreme-angular/fesm2022/devextreme-angular-ui-nested.mjs",
      "file": "devextreme-angular_ui_nested.js",
      "fileHash": "12e2e973",
      "needsInterop": false
    },
    "devextreme-angular/ui/tabs": {
      "src": "../../../../../../node_modules/devextreme-angular/fesm2022/devextreme-angular-ui-tabs.mjs",
      "file": "devextreme-angular_ui_tabs.js",
      "fileHash": "31f1cce4",
      "needsInterop": false
    },
    "devextreme-angular/ui/toast": {
      "src": "../../../../../../node_modules/devextreme-angular/fesm2022/devextreme-angular-ui-toast.mjs",
      "file": "devextreme-angular_ui_toast.js",
      "fileHash": "2ae77cd9",
      "needsInterop": false
    },
    "devextreme-aspnet-data-nojquery": {
      "src": "../../../../../../node_modules/devextreme-aspnet-data-nojquery/index.js",
      "file": "devextreme-aspnet-data-nojquery.js",
      "fileHash": "626a0529",
      "needsInterop": true
    },
    "devextreme/core/config": {
      "src": "../../../../../../node_modules/devextreme/esm/core/config.js",
      "file": "devextreme_core_config.js",
      "fileHash": "c649e24b",
      "needsInterop": false
    },
    "devextreme/data/odata/store": {
      "src": "../../../../../../node_modules/devextreme/esm/data/odata/store.js",
      "file": "devextreme_data_odata_store.js",
      "fileHash": "939f9017",
      "needsInterop": false
    },
    "rxjs": {
      "src": "../../../../../../node_modules/rxjs/dist/esm5/index.js",
      "file": "rxjs.js",
      "fileHash": "46cd0e60",
      "needsInterop": false
    }
  },
  "chunks": {
    "chunk-3P5M3HDI": {
      "file": "chunk-3P5M3HDI.js"
    },
    "chunk-LEYNYVIN": {
      "file": "chunk-LEYNYVIN.js"
    },
    "chunk-ULGGFT5V": {
      "file": "chunk-ULGGFT5V.js"
    },
    "chunk-4V47G62F": {
      "file": "chunk-4V47G62F.js"
    },
    "chunk-C5QLDEFD": {
      "file": "chunk-C5QLDEFD.js"
    },
    "chunk-I3DYQMSR": {
      "file": "chunk-I3DYQMSR.js"
    },
    "chunk-DUPBN2OJ": {
      "file": "chunk-DUPBN2OJ.js"
    },
    "chunk-GAYW56K5": {
      "file": "chunk-GAYW56K5.js"
    },
    "chunk-O2ZOTGYJ": {
      "file": "chunk-O2ZOTGYJ.js"
    },
    "chunk-BC4UU3FA": {
      "file": "chunk-BC4UU3FA.js"
    },
    "chunk-ICKSQFPZ": {
      "file": "chunk-ICKSQFPZ.js"
    },
    "chunk-M4PC57RV": {
      "file": "chunk-M4PC57RV.js"
    },
    "chunk-WOX6XKRX": {
      "file": "chunk-WOX6XKRX.js"
    },
    "chunk-4MAIXMIT": {
      "file": "chunk-4MAIXMIT.js"
    },
    "chunk-ND5ICVCX": {
      "file": "chunk-ND5ICVCX.js"
    },
    "chunk-P2JCNKK6": {
      "file": "chunk-P2JCNKK6.js"
    },
    "chunk-N27JN2JL": {
      "file": "chunk-N27JN2JL.js"
    },
    "chunk-L4VU4X3G": {
      "file": "chunk-L4VU4X3G.js"
    },
    "chunk-QCOYA5NS": {
      "file": "chunk-QCOYA5NS.js"
    },
    "chunk-HZLAQYI5": {
      "file": "chunk-HZLAQYI5.js"
    },
    "chunk-3T4EK4BM": {
      "file": "chunk-3T4EK4BM.js"
    },
    "chunk-DKXCLVAT": {
      "file": "chunk-DKXCLVAT.js"
    },
    "chunk-IWHA4UWF": {
      "file": "chunk-IWHA4UWF.js"
    },
    "chunk-WBCLGCHV": {
      "file": "chunk-WBCLGCHV.js"
    },
    "chunk-EBLT4CH3": {
      "file": "chunk-EBLT4CH3.js"
    },
    "chunk-74ZAWBSC": {
      "file": "chunk-74ZAWBSC.js"
    },
    "chunk-WOR4A3D2": {
      "file": "chunk-WOR4A3D2.js"
    }
  }
}